<?xml version="1.0" encoding="UTF-8"?>
<beans xmlns="http://www.springframework.org/schema/beans"
	xmlns:xsi="http://www.w3.org/2001/XMLSchema-instance"
	xsi:schemaLocation="http://www.springframework.org/schema/beans 
						http://www.springframework.org/schema/beans/spring-beans.xsd">
						
	<!-- <context:property-placeholder location="classpath:resources/jdbc.properties"/> -->
	<bean
		class="org.springframework.beans.factory.config.PropertyPlaceholderConfigurer">
		<property name="locations" value="classpath:resources/jdbc.properties" />
	</bean>
	
	<bean id="dataSource" class="org.apache.commons.dbcp2.BasicDataSource">
	  <property name="driverClassName" value="${driverClassName}"/>
      <property name="url" value="${url}"/>
      <property name="username" value="${username}"/>
      <property name="password" value="${password}"/>
      <property name="initialSize" value="3"/>
	<property name="maxIdle" value="10"/>
  </bean>
</beans>
