<?xml version="1.0" encoding="UTF-8"?>
<beans xmlns="http://www.springframework.org/schema/beans"
	xmlns:xsi="http://www.w3.org/2001/XMLSchema-instance" 
	xmlns:context="http://www.springframework.org/schema/context"
	xmlns:mvc="http://www.springframework.org/schema/mvc"
	xsi:schemaLocation="http://www.springframework.org/schema/beans
        http://www.springframework.org/schema/beans/spring-beans.xsd
        http://www.springframework.org/schema/context
        http://www.springframework.org/schema/context/spring-context.xsd
        http://www.springframework.org/schema/mvc
        http://www.springframework.org/schema/mvc/spring-mvc.xsd">

	<import resource="jdbc.xml"/>
	<!-- component scan -->
	<context:component-scan base-package="com.yash.damsapp.controller" />
	<context:component-scan base-package="com.yash.damsapp.serviceimpl" />
	<context:component-scan base-package="com.yash.damsapp.daoimpl" />
	
	<!--  for annotations -->
	<mvc:annotation-driven />

	<!--  for view resolver -->
	<bean id="jspViewResolver"	class="org.springframework.web.servlet.view.InternalResourceViewResolver">

		<property name="prefix" value="/WEB-INF/view/" />
		<property name="suffix" value=".jsp" />
	</bean>
</beans>