<?xml version="1.0" encoding="UTF-8"?>
<beans xmlns="http://www.springframework.org/schema/beans"
	xmlns:xsi="http://www.w3.org/2001/XMLSchema-instance"
	xsi:schemaLocation="http://www.springframework.org/schema/beans 
	http://www.springframework.org/schema/beans/spring-beans.xsd">
	
	<bean class="org.springframework.web.servlet.handler.BeanNameUrlHandlerMapping"/>
	<bean name="/userController.ds" class="com.yash.mvc.controller.UserController"/>
	<bean class="org.springframework.web.servlet.view.InternalResourceViewResolver">
		<property name="prefix" value="WEB-INF/view/"></property>
		<property name="suffix" value=".jsp"></property>
	</bean>


</beans>
