<?xml version="1.0" encoding="UTF-8"?>
<beans xmlns="http://www.springframework.org/schema/beans"
      xmlns:xsi="http://www.w3.org/2001/XMLSchema-instance"
      xmlns:aop="http://www.springframework.org/schema/aop"
      xsi:schemaLocation="
http://www.springframework.org/schema/beans http://www.springframework.org/schema/beans/spring-beans.xsd
http://www.springframework.org/schema/aop http://www.springframework.org/schema/aop/spring-aop.xsd">
 
<aop:aspectj-autoproxy/>
<bean id="programmer" class="com.yash.model.Programmer">
       <property name="name" value="Maithili_Programmer"/>
       <property name="city" value="Nagpur"></property>
</bean>
<bean id="tester" class="com.yash.model.Tester">
       <property name="name" value="Rewati_tester"/>
</bean>
 
<bean id="personService" class="com.yash.service.PersonService" autowire="byName"/>
 
<bean id="logginAspect" class="com.yash.aspect.LoggingAspect"/>
 
</beans>